City_ID,City,Lat,Lng,Max Temp,Humidity,Cloudiness,Wind Speed,Country,Description
0,Mataura,-46.1927,168.8643,35.47,99,100,0.94,NZ,overcast clouds
1,Pevek,69.7008,170.3133,41.58,76,24,4.74,RU,few clouds
2,Hanno,35.8519,139.3181,77.67,96,90,10.36,JP,heavy intensity rain
3,Aksha,50.2814,113.2867,53.46,94,5,4.36,RU,clear sky
4,Petropavlovsk-Kamchatskiy,53.0452,158.6483,45.19,100,75,4.47,RU,broken clouds
5,Chipinge,-20.1883,32.6236,57.0,60,0,4.68,ZW,clear sky
6,Gwadar,25.1216,62.3254,80.62,85,99,5.66,PK,overcast clouds
7,Busselton,-33.65,115.3333,57.09,93,98,6.53,AU,light rain
8,Punta Arenas,-53.15,-70.9167,35.71,80,0,23.02,CL,clear sky
9,Faanui,-16.4833,-151.75,78.06,71,25,8.01,PF,scattered clouds
10,Tsiroanomandidy,-18.7667,46.0333,59.92,42,0,1.9,MG,clear sky
11,Butaritari,3.0707,172.7902,82.22,69,15,14.38,KI,few clouds
12,Sistranda,63.7256,8.834,67.96,66,95,19.6,NO,overcast clouds
13,Half Moon Bay,37.4636,-122.4286,91.06,66,1,1.99,US,clear sky
14,Yellowknife,62.456,-114.3525,62.37,73,100,12.75,CA,light rain
15,Pangnirtung,66.1451,-65.7125,42.67,81,100,3.76,CA,overcast clouds
16,Marawi,7.9986,124.2928,68.65,90,100,3.09,PH,overcast clouds
17,Parati,-23.2178,-44.7131,69.31,76,100,4.25,BR,overcast clouds
18,Bengkulu,-3.8004,102.2655,75.76,91,11,3.6,ID,few clouds
19,Aksarka,66.5606,67.7975,57.2,75,51,14.09,RU,broken clouds
20,Rocha,-34.4833,-54.3333,71.73,74,7,6.2,UY,clear sky
21,Kaeo,-35.1,173.7833,49.32,97,97,5.41,NZ,overcast clouds
22,Tazovskiy,67.4667,78.7,56.17,80,8,5.93,RU,clear sky
23,Khasan,42.4308,130.6434,68.77,91,0,5.01,RU,clear sky
24,Atuona,-9.8,-139.0333,76.87,83,88,16.15,PF,light rain
25,Khatanga,71.9667,102.5,50.22,68,73,8.37,RU,broken clouds
26,Nanlong,31.3533,106.0631,75.52,92,100,2.66,CN,overcast clouds
27,Rikitea,-23.1203,-134.9692,74.01,80,11,12.33,PF,few clouds
28,East London,-33.0153,27.9116,59.99,82,29,11.88,ZA,scattered clouds
29,Bucerias,20.75,-105.3333,87.98,70,20,9.22,MX,few clouds
30,Prince Rupert,54.3161,-130.3201,60.69,79,100,5.75,CA,overcast clouds
31,Edd,13.9297,41.6925,90.03,70,100,3.62,ER,overcast clouds
32,Lebu,-37.6167,-73.65,50.56,70,6,22.01,CL,clear sky
33,Chapais,49.7834,-74.8492,66.34,32,4,8.14,CA,clear sky
34,Frutal,-20.0247,-48.9406,82.58,25,12,5.77,BR,few clouds
35,Albany,42.6001,-73.9662,87.15,67,99,1.01,US,overcast clouds
36,Kaitangata,-46.2817,169.8464,36.84,85,100,1.99,NZ,overcast clouds
37,Chuy,-33.6971,-53.4616,67.73,75,9,5.41,UY,clear sky
38,Saint Anthony,45.0205,-93.218,73.54,91,90,3.0,US,overcast clouds
39,Nieuw Amsterdam,5.8833,-55.0833,84.22,77,40,9.22,SR,light rain
40,Kiama,-34.6833,150.8667,54.0,82,62,10.71,AU,broken clouds
41,Souillac,-20.5167,57.5167,70.36,79,0,10.36,MU,clear sky
42,Arraial Do Cabo,-22.9661,-42.0278,71.46,68,40,17.27,BR,scattered clouds
43,Avarua,-21.2078,-159.775,77.05,73,5,5.75,CK,clear sky
44,Sinnamary,5.3833,-52.95,79.79,86,99,6.06,GF,overcast clouds
45,Katsuura,35.1333,140.3,78.91,95,100,21.83,JP,heavy intensity rain
46,Maniitsoq,65.4167,-52.9,42.48,89,100,6.73,GL,light rain
47,Vaini,-21.2,-175.2,68.16,77,40,5.75,TO,scattered clouds
48,Puerto Ayora,-0.7393,-90.3518,73.54,82,85,7.0,EC,overcast clouds
49,Sayyan,15.1718,44.3244,64.65,53,62,9.44,YE,broken clouds
50,Victoria,22.2855,114.1577,83.97,88,100,8.57,HK,overcast clouds
51,Kapaa,22.0752,-159.319,84.52,65,20,1.99,US,few clouds
52,Mahebourg,-20.4081,57.7,70.25,76,19,11.25,MU,few clouds
53,Mayo,38.8876,-76.5119,77.38,92,75,5.99,US,moderate rain
54,Coahuayana,18.7333,-103.6833,85.48,63,82,6.96,MX,broken clouds
55,Ushuaia,-54.8,-68.3,29.86,93,90,33.38,AR,heavy snow
56,Tamandare,-8.7597,-35.1047,75.31,73,48,14.79,BR,scattered clouds
57,Izberbash,42.5696,47.8645,78.85,56,0,9.55,RU,clear sky
58,Santona,43.4439,-3.4576,67.06,83,17,8.14,ES,few clouds
59,Oxford,51.7522,-1.256,62.56,82,20,1.01,GB,few clouds
60,Marsh Harbour,26.5412,-77.0636,84.22,71,3,10.02,BS,clear sky
61,Panaba,21.2833,-88.2667,93.49,44,62,16.98,MX,broken clouds
62,Hervey Bay,-25.2986,152.8535,51.04,66,0,8.19,AU,clear sky
63,Parrita,9.5201,-84.3225,88.99,77,69,5.5,CR,broken clouds
64,Carnarvon,-24.8667,113.6333,66.27,90,40,8.05,AU,scattered clouds
65,Rincon De La Victoria,36.7172,-4.2758,89.6,37,0,11.03,ES,clear sky
66,Yeppoon,-23.1333,150.7333,46.18,88,1,5.59,AU,clear sky
67,Salvador,13.8333,-88.9167,86.05,51,25,2.21,SV,scattered clouds
68,Bisira,8.5196,-81.7115,65.21,89,99,2.08,PA,overcast clouds
69,Portland,45.5234,-122.6762,85.57,56,75,1.99,US,broken clouds
70,Ilulissat,69.2167,-51.1,42.69,70,100,7.83,GL,overcast clouds
71,Ous,60.9058,61.5186,54.73,98,100,8.41,RU,overcast clouds
72,Cape Town,-33.9258,18.4232,52.21,93,90,5.75,ZA,fog
73,New Norfolk,-42.7826,147.0587,34.92,85,99,2.68,AU,overcast clouds
74,Hithadhoo,-0.6,73.0833,82.38,73,100,10.38,MV,overcast clouds
75,Komsomolskiy,40.4272,71.7189,81.82,36,65,4.61,UZ,broken clouds
76,Port Alfred,-33.5906,26.891,59.45,85,67,14.34,ZA,broken clouds
77,Pochutla,15.7432,-96.4661,85.05,69,100,6.29,MX,overcast clouds
78,Shelbyville,35.4834,-86.4603,87.49,62,1,4.0,US,clear sky
79,Hengyang,26.8881,112.615,80.4,89,63,2.73,CN,broken clouds
80,Cayenne,4.9333,-52.3333,85.08,73,0,1.99,GF,clear sky
81,Elizabeth City,36.2946,-76.2511,81.01,89,90,1.99,US,overcast clouds
82,Dikson,73.5069,80.5464,49.55,72,11,3.74,RU,few clouds
83,Pangody,65.85,74.4859,64.78,55,0,6.51,RU,clear sky
84,Ponta Do Sol,32.6667,-17.1,75.7,82,75,6.29,PT,broken clouds
85,Mar Del Plata,-38.0023,-57.5575,60.82,55,20,8.05,AR,few clouds
86,Talnakh,69.4865,88.3972,55.18,60,10,3.96,RU,clear sky
87,The Valley,18.217,-63.0578,85.1,70,40,13.8,AI,scattered clouds
88,Hecun,36.5333,114.1111,74.37,85,39,2.37,CN,light rain
89,Meulaboh,4.1363,96.1285,76.96,88,99,5.53,ID,overcast clouds
90,Kalat,29.0225,66.5916,72.99,40,83,3.31,PK,broken clouds
91,Bluff,-46.6,168.3333,35.8,76,100,2.51,NZ,overcast clouds
92,Bredasdorp,-34.5322,20.0403,51.28,88,100,1.32,ZA,overcast clouds
93,Suntar,62.1444,117.6319,60.31,99,100,4.52,RU,overcast clouds
94,Saint-Georges,12.0564,-61.7485,85.68,66,40,18.41,GD,scattered clouds
95,Ribeira Grande,38.5167,-28.7,72.0,60,40,10.36,PT,scattered clouds
96,Castro,-24.7911,-50.0119,63.61,69,71,5.03,BR,broken clouds
97,Kodiak,57.79,-152.4072,56.71,72,90,9.22,US,light rain
98,Slavyanka,42.8633,131.3847,68.86,91,15,3.62,RU,few clouds
99,Novo Cruzeiro,-17.4681,-41.8753,60.67,82,100,5.1,BR,overcast clouds
100,College,64.8569,-147.8028,58.59,91,75,0.0,US,light rain
101,Port Macquarie,-31.4333,152.9167,49.96,85,3,9.22,AU,clear sky
102,Qaanaaq,77.484,-69.3632,41.61,75,98,1.66,GL,overcast clouds
103,Dolores,-36.3132,-57.6792,72.39,59,74,5.19,AR,broken clouds
104,Jiwani,25.05,61.7417,81.0,85,89,6.58,PK,overcast clouds
105,Airai,-8.9266,125.4092,52.88,66,23,2.73,TL,few clouds
106,Narsaq,60.9167,-46.05,50.22,94,100,9.51,GL,heavy intensity rain
107,Izmit,40.7669,29.9169,77.27,100,75,5.75,TR,broken clouds
108,Plettenberg Bay,-34.0527,23.3716,59.14,66,100,2.19,ZA,overcast clouds
109,Dorado,18.4588,-66.2677,89.76,71,40,13.8,PR,scattered clouds
110,Leshukonskoye,64.8989,45.7622,51.13,83,1,3.78,RU,clear sky
111,Fortuna,40.5982,-124.1573,70.93,77,1,3.0,US,clear sky
112,Hilo,19.7297,-155.09,81.25,73,75,10.36,US,broken clouds
113,Burgersdorp,-30.9977,26.3286,47.82,23,7,4.09,ZA,clear sky
114,Iqaluit,63.7506,-68.5145,41.31,87,100,10.51,CA,overcast clouds
115,Carutapera,-1.195,-46.02,79.11,85,83,6.89,BR,broken clouds
116,Shetpe,44.1667,52.1167,90.79,19,0,15.77,KZ,clear sky
117,Upernavik,72.7868,-56.1549,40.86,95,100,9.15,GL,overcast clouds
118,Yar-Sale,66.8333,70.8333,58.05,84,6,10.78,RU,clear sky
119,Merauke,-8.4667,140.3333,73.6,82,40,11.56,ID,scattered clouds
120,Quatre Cocos,-20.2078,57.7625,70.09,77,61,11.01,MU,light rain
121,Hobart,-42.8794,147.3294,35.26,88,75,3.0,AU,broken clouds
122,Kawambwa,-9.7915,29.0791,63.7,34,9,2.48,ZM,clear sky
123,Clyde River,70.4692,-68.5914,39.43,100,90,10.36,CA,light intensity drizzle
124,Teknaf,20.8624,92.3058,78.75,90,73,6.24,BD,broken clouds
125,Jamestown,42.097,-79.2353,81.3,75,75,1.99,US,broken clouds
126,Gao,16.6362,1.637,90.64,39,66,18.99,ML,broken clouds
127,Bethel,41.3712,-73.414,86.9,63,1,9.22,US,clear sky
128,Nantucket,41.2835,-70.0995,82.96,84,1,10.36,US,clear sky
129,Klaksvik,62.2266,-6.589,61.72,91,91,16.8,FO,overcast clouds
130,Myitkyina,25.3833,97.4,76.24,99,100,0.4,MM,overcast clouds
131,Tuktoyaktuk,69.4541,-133.0374,41.63,81,100,14.7,CA,overcast clouds
132,Olomouc,49.5955,17.2518,75.67,87,52,7.23,CZ,broken clouds
133,Hasaki,35.7333,140.8333,79.2,88,100,14.63,JP,heavy intensity rain
134,Sao Filipe,14.8961,-24.4956,79.2,80,47,5.97,CV,scattered clouds
135,Mantua,45.1667,10.7833,80.1,70,82,5.01,IT,broken clouds
136,Pingzhuang,42.0372,119.2889,66.06,80,10,3.49,CN,clear sky
137,Faya,18.3851,42.4509,63.12,66,36,2.21,SA,scattered clouds
138,Port Hedland,-20.3167,118.5667,64.45,32,21,9.22,AU,few clouds
139,Ahuimanu,21.4447,-157.8378,83.91,62,20,12.66,US,few clouds
140,Madang,-5.2246,145.7966,74.7,91,100,4.41,PG,overcast clouds
141,Geraldton,-28.7667,114.6,61.21,100,40,8.05,AU,scattered clouds
142,Surt,31.2089,16.5887,82.13,74,0,13.18,LY,clear sky
143,Saint-Joseph,-21.3667,55.6167,70.16,72,20,10.85,RE,few clouds
144,Inirida,3.8653,-67.9239,83.71,68,45,1.21,CO,scattered clouds
145,Orissaare,58.5592,23.0826,64.35,93,100,5.84,EE,overcast clouds
146,Constitucion,-35.3333,-72.4167,55.33,65,100,13.71,CL,overcast clouds
147,Mumford,5.2618,-0.759,76.37,85,61,17.74,GH,light rain
148,Port Elizabeth,-33.918,25.5701,57.92,88,100,9.04,ZA,overcast clouds
149,Hobyo,5.3505,48.5268,76.37,82,98,27.69,SO,overcast clouds
150,Gladstone,-23.85,151.25,49.93,87,0,5.75,AU,clear sky
151,Kysyl-Syr,63.8986,122.7617,63.19,56,66,13.49,RU,broken clouds
152,Cidreira,-30.1811,-50.2056,63.59,84,4,10.98,BR,clear sky
153,Saint-Pierre,-21.3393,55.4781,71.24,74,90,4.61,RE,overcast clouds
154,Cherskiy,68.75,161.3,54.91,50,81,4.61,RU,broken clouds
155,Kahului,20.8947,-156.47,84.22,66,20,21.85,US,few clouds
156,Luderitz,-26.6481,15.1594,59.11,61,42,2.55,NA,scattered clouds
157,Aldan,58.6031,125.3894,55.69,85,33,5.95,RU,scattered clouds
158,Constantine,36.365,6.6147,84.85,29,50,4.29,DZ,scattered clouds
159,Lazaro Cardenas,17.9583,-102.2,86.77,65,100,8.61,MX,overcast clouds
160,Saint-Philippe,-21.3585,55.7679,71.15,77,37,12.06,RE,scattered clouds
161,Summerside,46.3959,-63.7876,81.46,72,29,18.03,CA,scattered clouds
162,Quibor,9.9287,-69.6201,85.51,46,96,10.83,VE,overcast clouds
163,Nikolskoye,59.7035,30.7861,64.29,99,100,5.82,RU,light rain
164,Thompson,55.7435,-97.8558,86.38,31,35,11.32,CA,scattered clouds
165,Saint-Paul,-21.0096,55.2707,71.69,71,0,3.87,RE,clear sky
166,Barrow,71.2906,-156.7887,37.42,77,75,6.91,US,broken clouds
167,Juneau,58.3019,-134.4197,62.6,92,90,4.61,US,overcast clouds
168,Ancud,-41.8697,-73.8203,53.42,70,79,8.86,CL,broken clouds
169,Kruisfontein,-34.0033,24.7314,55.45,72,100,4.36,ZA,overcast clouds
170,Bandarbeyla,9.4942,50.8122,75.43,85,8,29.46,SO,clear sky
171,Isangel,-19.55,169.2667,69.48,74,86,6.13,VU,overcast clouds
172,Ostrovnoy,68.0531,39.5131,55.63,83,15,9.48,RU,few clouds
173,Biankouma,7.7391,-7.6138,72.59,70,84,1.86,CI,broken clouds
174,Henties Bay,-22.116,14.2845,55.85,78,5,7.72,NA,clear sky
175,State College,40.7934,-77.86,83.05,67,1,1.01,US,clear sky
176,Yenagoa,4.9247,6.2642,75.58,88,100,5.39,NG,overcast clouds
177,Malinyi,-8.9333,36.1333,68.34,58,4,3.06,TZ,clear sky
178,Nanortalik,60.1432,-45.2371,47.17,92,100,21.47,GL,moderate rain
179,Lasa,46.6166,10.7002,63.01,98,93,4.41,IT,light rain
180,Norman Wells,65.282,-126.8329,47.41,62,100,8.08,CA,overcast clouds
181,Hermanus,-34.4187,19.2345,51.91,74,92,1.12,ZA,overcast clouds
182,Batemans Bay,-35.7167,150.1833,48.9,82,99,5.39,AU,overcast clouds
183,Van Buren,35.4368,-94.3483,91.44,49,20,10.36,US,few clouds
184,Tongzi,28.7829,105.0877,75.83,96,100,2.62,CN,light rain
185,Rio Grande,-32.035,-52.0986,73.51,81,0,11.1,BR,clear sky
186,Jalu,29.0331,21.5482,91.38,28,0,14.61,LY,clear sky
187,Coquimbo,-29.9533,-71.3436,60.53,63,40,11.5,CL,scattered clouds
188,Olopa,14.6833,-89.35,80.08,54,40,6.91,GT,scattered clouds
189,Sola,-13.8833,167.55,78.35,77,89,20.67,VU,overcast clouds
190,Cabedelo,-6.9811,-34.8339,74.07,79,41,21.5,BR,scattered clouds
191,Aleksandrovsk-Sakhalinskiy,50.8975,142.1561,51.53,89,99,10.85,RU,overcast clouds
192,Yola,9.2,12.4833,74.98,86,100,1.59,NG,overcast clouds
193,Rockhampton,-23.3833,150.5,46.29,93,0,0.0,AU,clear sky
194,Tasiilaq,65.6145,-37.6368,46.56,95,100,7.02,GL,light rain
195,Georgetown,5.4112,100.3354,82.89,84,20,2.3,MY,few clouds
196,Diffa,13.3154,12.6113,78.84,76,45,13.78,NE,scattered clouds
197,Denpasar,-8.65,115.2167,80.26,89,40,9.22,ID,scattered clouds
198,Pimentel,-6.8367,-79.9342,71.89,77,40,3.0,PE,scattered clouds
199,Okhotsk,59.3833,143.3,59.05,61,5,7.34,RU,clear sky
200,Morant Bay,17.8815,-76.4093,85.66,66,0,11.16,JM,clear sky
201,Turkan,40.3639,50.215,77.18,83,0,4.61,AZ,clear sky
202,San Quintin,30.4833,-115.95,73.89,66,4,10.63,MX,clear sky
203,Sirjan,29.452,55.6814,84.18,23,96,1.81,IR,overcast clouds
204,Storm Lake,42.6411,-95.2097,83.35,83,1,9.22,US,clear sky
205,Inyonga,-6.7167,32.0667,75.4,34,88,4.18,TZ,overcast clouds
206,Makat,47.6469,53.3463,83.03,32,0,12.86,KZ,clear sky
207,Verkhnyaya Inta,65.9811,60.3094,52.12,95,100,6.02,RU,overcast clouds
208,Nivala,63.9167,24.9667,61.68,58,50,10.31,FI,scattered clouds
209,Mount Pleasant,32.7941,-79.8626,81.0,89,1,3.0,US,clear sky
210,Dingle,10.9995,122.6711,76.93,92,89,5.23,PH,overcast clouds
211,Normandin,48.8333,-72.5321,71.8,35,14,8.21,CA,few clouds
212,Cervo,43.6702,-7.4101,63.97,78,4,10.25,ES,clear sky
213,Saint George,37.1041,-113.5841,97.63,11,1,1.99,US,haze
214,Port Keats,-14.25,129.55,60.85,32,17,5.86,AU,few clouds
215,Sivaki,52.6333,126.75,54.93,98,100,10.13,RU,overcast clouds
216,Elbistan,38.2059,37.1983,69.48,50,2,5.08,TR,clear sky
217,Severo-Kurilsk,50.6789,156.125,53.76,78,96,7.72,RU,overcast clouds
218,Evensk,61.95,159.2333,56.73,76,7,8.61,RU,clear sky
219,Amqui,48.4638,-67.4313,68.95,93,99,8.16,CA,overcast clouds
220,Kresttsy,58.2452,32.5165,62.11,96,48,3.24,RU,scattered clouds
221,Puerto Carreno,6.189,-67.4859,85.48,56,48,4.61,CO,scattered clouds
222,Almaznyy,48.0448,40.045,86.14,25,100,14.56,RU,overcast clouds
223,Vestmannaeyjar,63.4427,-20.2734,55.4,89,100,11.92,IS,overcast clouds
224,Raha,26.2333,92.5167,78.3,94,100,4.0,IN,overcast clouds
225,Gushikawa,26.3544,127.8686,78.39,94,90,21.85,JP,heavy intensity rain
226,Challans,46.8436,-1.8749,62.51,74,78,15.39,FR,broken clouds
227,Mahajanga,-15.7167,46.3167,73.42,78,20,5.75,MG,few clouds
228,Todos Santos,23.45,-110.2167,92.3,73,60,11.65,MX,broken clouds
229,Marsa Matruh,31.3525,27.2453,80.08,83,0,10.38,EG,clear sky
230,Timizart,36.8,4.2667,78.01,53,29,2.15,DZ,scattered clouds
231,Shelopugino,51.6514,117.5599,57.51,94,49,5.59,RU,scattered clouds
232,Lamu,-2.2717,40.902,73.62,83,17,14.58,KE,few clouds
233,Kuli,42.0185,47.2434,64.74,56,0,10.04,RU,clear sky
234,Seoul,37.5683,126.9778,76.44,75,87,2.53,KR,overcast clouds
235,Vila Velha,-20.3297,-40.2925,67.95,88,40,2.3,BR,scattered clouds
236,Torbay,47.6666,-52.7314,75.58,72,91,5.99,CA,overcast clouds
237,Kutum,14.2,24.6667,76.86,59,88,12.26,SD,overcast clouds
238,Port Lincoln,-34.7333,135.8667,51.3,78,0,10.49,AU,clear sky
239,Poum,-20.2333,164.0167,69.51,71,99,9.13,NC,overcast clouds
240,Vyartsilya,62.1764,30.693,57.97,94,100,13.2,RU,moderate rain
241,Tautira,-17.7333,-149.15,84.22,78,35,8.12,PF,scattered clouds
242,Sao Joao Da Barra,-21.6403,-41.0511,71.69,70,100,13.24,BR,overcast clouds
243,Formosa,-26.1775,-58.1781,89.58,31,5,13.8,AR,clear sky
244,Padang,-0.9492,100.3543,77.45,89,26,4.16,ID,scattered clouds
245,Sainte-Maxime,43.3,6.6333,77.76,73,95,6.87,FR,overcast clouds
246,Brae,60.3964,-1.353,58.91,91,100,17.81,GB,overcast clouds
247,Makakilo City,21.3469,-158.0858,82.72,59,75,10.36,US,broken clouds
248,Palu,-0.8917,119.8707,76.14,93,100,3.53,ID,overcast clouds
249,Matara,5.9485,80.5353,77.63,88,100,13.4,LK,overcast clouds
250,Takoradi,4.8845,-1.7554,76.15,86,52,11.23,GH,broken clouds
251,Humaita,-7.5061,-63.0208,100.89,17,0,1.1,BR,clear sky
252,Friedland,51.4167,9.9333,64.65,89,100,7.74,DE,light rain
253,Meridian,43.6121,-116.3915,91.17,31,1,1.01,US,clear sky
254,Smithers,54.7804,-127.1743,66.2,44,99,7.0,CA,overcast clouds
255,Wewak,-3.5534,143.6268,76.37,89,98,4.61,PG,overcast clouds
256,Khvoynaya,58.9,34.5333,62.62,99,100,7.74,RU,overcast clouds
257,Rawson,-43.3002,-65.1023,54.68,33,0,28.39,AR,clear sky
258,Thinadhoo,0.5333,72.9333,82.22,74,100,9.33,MV,overcast clouds
259,Lavrentiya,65.5833,-171.0,45.41,77,100,17.02,RU,overcast clouds
260,Zafra,38.4167,-6.4167,74.88,27,0,7.11,ES,clear sky
261,Komatipoort,-25.4332,31.9548,60.04,91,0,2.57,ZA,clear sky
262,Boa Vista,2.8197,-60.6733,76.98,78,90,6.91,BR,overcast clouds
263,Nsanje,-16.92,35.262,70.09,56,0,4.63,MW,clear sky
264,Huaihua,27.5494,109.9592,77.02,89,86,2.68,CN,overcast clouds
265,Hofn,64.2539,-15.2082,56.55,82,100,9.71,IS,light rain
266,Lorengau,-2.0226,147.2712,80.08,77,45,6.87,PG,scattered clouds
267,Libona,8.3389,124.7353,70.32,91,100,4.43,PH,overcast clouds
268,Placido De Castro,-10.3353,-67.1856,98.85,20,1,2.98,BR,clear sky
269,Naze,28.3667,129.4833,80.04,89,100,24.63,JP,heavy intensity rain
270,Grindavik,63.8424,-22.4338,57.56,82,75,4.61,IS,broken clouds
271,Jacareacanga,-6.2222,-57.7528,98.8,20,1,3.74,BR,clear sky
272,Edgewater,28.9889,-80.9023,96.26,70,40,13.8,US,scattered clouds
273,Tateyama,34.9833,139.8667,78.82,94,75,14.97,JP,heavy intensity shower rain
274,Belyy Yar,53.6039,91.3903,58.89,94,100,2.24,RU,overcast clouds
275,Asau,46.4333,26.4,63.52,89,1,0.98,RO,clear sky
276,Dudinka,69.4058,86.1778,54.09,58,14,7.18,RU,few clouds
277,Progreso,21.2833,-89.6667,95.11,70,27,18.03,MX,scattered clouds
278,Pisco,-13.7,-76.2167,66.25,68,40,11.5,PE,scattered clouds
279,Cabo San Lucas,22.8909,-109.9124,92.8,66,40,13.8,MX,thunderstorm
280,Itupiranga,-5.1347,-49.3267,97.12,28,32,3.98,BR,scattered clouds
281,Vao,-22.6667,167.4833,67.23,65,100,7.58,NC,overcast clouds
282,Christchurch,-43.5333,172.6333,42.91,91,90,1.99,NZ,light rain
283,Bagdarin,54.4333,113.6,55.22,98,100,2.95,RU,light rain
284,Dongsheng,39.8161,109.9776,74.32,46,100,11.5,CN,light rain
285,San Pedro,14.35,121.0167,82.35,87,99,7.85,PH,overcast clouds
286,Saint-Augustin,51.226,-58.6502,71.28,73,100,11.16,CA,overcast clouds
287,Manokwari,-0.8667,134.0833,77.23,83,99,3.29,ID,light rain
288,Udachnyy,66.4167,112.4,57.42,66,100,3.76,RU,overcast clouds
289,Pondicherry,11.93,79.83,80.26,80,76,13.27,IN,broken clouds
290,Caucaia,-3.7361,-38.6531,84.15,68,20,19.57,BR,few clouds
291,Bubaque,11.2833,-15.8333,80.08,74,13,12.84,GW,few clouds
292,Nemuro,43.3236,145.575,67.98,98,30,10.96,JP,scattered clouds
293,Grand-Lahou,5.1367,-5.0242,75.61,88,58,12.17,CI,broken clouds
294,Gogrial,8.5332,28.1004,72.75,93,100,3.98,SS,moderate rain
295,Ploemeur,47.7333,-3.4333,60.89,85,20,14.97,FR,few clouds
296,Gashua,12.871,11.0482,80.26,72,83,18.81,NG,broken clouds
297,Circleville,39.6006,-82.946,88.84,47,40,8.05,US,scattered clouds
298,Butte,39.6499,-121.5677,92.75,30,90,3.44,US,haze
299,Bataipora,-22.2953,-53.2711,86.05,23,0,5.82,BR,clear sky
300,Kulhudhuffushi,6.6221,73.07,82.96,76,100,15.52,MV,overcast clouds
301,Atbasar,51.8,68.3333,60.69,71,4,6.76,KZ,clear sky
302,Yazykovo,55.2199,56.1353,55.53,73,31,3.96,RU,scattered clouds
303,Caravelas,-17.7125,-39.2481,68.04,84,100,10.94,BR,overcast clouds
304,Kenai,60.5544,-151.2583,68.02,68,1,11.5,US,clear sky
305,Tommot,58.9564,126.2925,55.8,96,22,3.58,RU,few clouds
306,Rudsar,37.1376,50.288,78.78,65,20,2.46,IR,few clouds
307,Vostok,46.4856,135.8833,57.85,99,100,4.61,RU,overcast clouds
308,Divnogorsk,55.9594,92.3619,57.69,83,64,1.5,RU,broken clouds
309,Bowen,-20.0167,148.2333,59.0,89,0,9.78,AU,clear sky
310,Alyangula,-13.8483,136.4192,67.06,64,8,10.09,AU,clear sky
311,Cockburn Town,21.4612,-71.1419,85.96,66,40,16.11,TC,scattered clouds
312,Wasilla,61.5814,-149.4394,62.13,91,90,0.0,US,light rain
313,La Ronge,55.1001,-105.2842,65.48,70,100,6.31,CA,overcast clouds
314,Sao Francisco,-15.9486,-44.8644,78.35,27,100,6.51,BR,overcast clouds
315,Ha Giang,22.8333,104.9833,81.5,86,100,2.77,VN,overcast clouds
316,Broome,42.2506,-75.833,86.05,65,75,1.01,US,broken clouds
317,Nadym,65.5333,72.5167,63.3,70,24,8.66,RU,few clouds
318,Xuddur,4.1213,43.8894,73.08,69,99,20.89,SO,overcast clouds
319,Umm Kaddadah,13.6017,26.6876,83.28,48,64,12.15,SD,broken clouds
320,Sabzevar,36.2126,57.6819,83.95,17,0,6.6,IR,clear sky
321,Thomaston,32.8882,-84.3266,91.06,60,65,1.01,US,broken clouds
322,Mahalingpur,16.3833,75.1167,73.11,84,8,10.65,IN,clear sky
323,Puerto Escondido,15.85,-97.0667,86.83,66,90,13.8,MX,overcast clouds
324,Vrangel,42.7297,133.0839,69.31,93,44,8.7,RU,scattered clouds
325,Palmas,-10.2128,-48.3603,91.27,31,40,8.05,BR,scattered clouds
326,Alofi,-19.0595,-169.9187,75.09,73,40,10.36,NU,scattered clouds
327,Ocampo,21.65,-101.5,71.74,51,28,12.62,MX,scattered clouds
328,Wanning,18.8003,110.3967,81.34,89,100,10.0,CN,overcast clouds
329,Roald,62.5833,6.1333,68.05,67,0,2.3,NO,clear sky
330,Monroe,43.1501,-77.6831,88.29,62,75,6.91,US,broken clouds
331,Stepnogorsk,52.3544,71.8869,62.87,85,100,10.27,KZ,light rain
332,Lima,-12.0432,-77.0282,62.85,68,90,10.36,PE,overcast clouds
333,Lhokseumawe,5.1801,97.1507,77.5,87,81,3.56,ID,broken clouds
334,Saldanha,-33.0117,17.9442,56.77,73,100,6.26,ZA,overcast clouds
335,Matiri,-10.75,34.9,57.18,53,0,2.71,TZ,clear sky
336,Jian,27.1172,114.9793,79.47,91,4,2.51,CN,light rain
337,Bonga,7.2833,36.2333,58.98,98,100,1.95,ET,overcast clouds
338,Altagracia De Orituco,9.8601,-66.3814,82.22,69,79,2.26,VE,broken clouds
339,Tucuman,-26.8241,-65.2226,80.6,28,2,4.61,AR,clear sky
340,Port Hardy,50.6996,-127.4199,59.27,92,48,3.98,CA,light rain
341,Port Augusta,-32.5,137.7667,42.71,75,0,4.56,AU,clear sky
342,Behbahan,30.5959,50.2417,94.28,34,3,1.77,IR,clear sky
343,Maceio,-9.6658,-35.7353,76.44,69,75,10.36,BR,broken clouds
344,Ghanzi,-21.5667,21.7833,61.93,23,0,5.14,BW,clear sky
345,Ryazanovskiy,55.55,39.4333,67.42,64,98,6.53,RU,light rain
346,Mehamn,71.0357,27.8492,62.44,63,60,6.98,NO,broken clouds
347,San Rafael,-34.6177,-68.3301,59.99,32,0,14.81,AR,clear sky
348,Singaraja,-8.112,115.0882,78.28,85,32,3.65,ID,scattered clouds
349,Boulsa,12.6675,-0.5758,86.18,53,2,6.78,BF,clear sky
350,Ulaangom,49.9811,92.0667,58.69,63,100,1.97,MN,overcast clouds
351,Villamontes,-21.25,-63.5,95.49,15,5,10.04,BO,clear sky
352,Najran,17.4924,44.1277,85.69,30,77,6.46,SA,broken clouds
353,Bajil,15.0584,43.2851,88.47,62,99,2.46,YE,overcast clouds
354,Patacamaya,-17.2333,-67.9167,58.15,18,2,7.61,BO,clear sky
355,Hermiston,45.8404,-119.2895,91.54,37,1,16.11,US,clear sky
356,Aktash,50.3,87.7333,40.44,87,95,1.7,RU,overcast clouds
357,Butterworth,5.3991,100.3638,82.99,84,20,2.3,MY,few clouds
358,Puerto Leguizamo,-0.1934,-74.7819,82.18,67,98,2.37,CO,overcast clouds
359,Jingdezhen,29.2947,117.2079,75.99,92,6,3.47,CN,light rain
360,Khandyga,62.6667,135.6,55.9,64,7,2.44,RU,clear sky
361,Chaman,30.9236,66.4512,80.42,14,0,4.76,PK,clear sky
362,Esperance,-33.8667,121.9,60.64,74,100,4.61,AU,light rain
363,Yulara,-25.2406,130.9889,39.04,60,0,5.75,AU,clear sky
364,Baculin,7.4525,126.5842,77.63,85,100,7.09,PH,moderate rain
365,Paraiso,9.8383,-83.8656,73.89,67,79,3.29,CR,broken clouds
366,Omboue,-1.5746,9.2618,74.34,85,100,9.17,GA,overcast clouds
367,Flinders,-34.5833,150.8552,55.2,86,50,9.62,AU,scattered clouds
368,Marinette,45.1,-87.6307,73.31,88,90,6.91,US,overcast clouds
369,Mattru,7.6244,-11.8332,76.01,78,93,4.41,SL,overcast clouds
370,Thunder Bay,48.4001,-89.3168,68.99,55,100,9.66,CA,overcast clouds
371,Shache,38.4167,77.2406,78.91,34,100,13.49,CN,light rain
372,Karratha,-20.7377,116.8463,69.67,66,59,6.08,AU,broken clouds
373,Lakatoro,-16.0999,167.4164,75.16,80,98,9.98,VU,overcast clouds
374,Chokurdakh,70.6333,147.9167,52.63,59,45,5.53,RU,scattered clouds
375,San Felipe,10.3399,-68.7425,82.26,63,100,6.24,VE,overcast clouds
376,Oriximina,-1.7656,-55.8661,91.29,34,11,5.84,BR,few clouds
377,Cascioarele,44.1261,26.4697,77.4,44,0,2.84,RO,clear sky
378,Port Blair,11.6667,92.75,82.02,83,100,14.38,IN,overcast clouds
379,Ponta Delgada,37.7333,-25.6667,72.32,60,75,6.91,PT,broken clouds
380,Beringovskiy,63.05,179.3167,43.75,87,100,25.7,RU,light rain
381,Galle,6.0367,80.217,78.87,85,100,14.94,LK,overcast clouds
382,Pirgos,35.1167,25.7178,82.47,54,0,10.69,GR,clear sky
383,Bonavista,48.6499,-53.1147,73.11,75,100,18.1,CA,overcast clouds
384,Bandar-E Lengeh,26.5579,54.8807,96.28,49,0,3.53,IR,clear sky
385,Avera,33.194,-82.5271,89.47,56,93,1.3,US,overcast clouds
386,Shirokiy,49.758,129.523,60.82,97,79,10.11,RU,broken clouds
387,Bathsheba,13.2167,-59.5167,86.61,66,20,11.5,BB,few clouds
388,Walvis Bay,-22.9575,14.5053,56.08,66,1,8.97,NA,clear sky
389,Xining,36.6167,101.7667,57.4,77,100,2.91,CN,overcast clouds
390,Teguise,29.0605,-13.564,71.82,73,75,12.66,ES,broken clouds
391,Estelle,29.8458,-90.1067,93.99,56,1,9.22,US,clear sky
392,Dire,12.2833,-10.9667,74.26,91,36,1.32,ML,scattered clouds
393,Hondo,32.45,130.2,80.87,83,98,5.41,JP,overcast clouds
394,Carazinho,-28.2839,-52.7864,71.15,66,0,5.55,BR,clear sky
395,Zhezkazgan,47.8043,67.7144,71.62,50,74,5.37,KZ,broken clouds
396,Kieta,-6.2167,155.6333,75.78,92,100,2.01,PG,light rain
397,Vardo,70.3705,31.1107,57.63,70,50,8.5,NO,scattered clouds
398,Newport,51.5877,-2.9984,62.85,86,32,19.8,GB,light rain
399,Tjome,59.1109,10.3933,61.72,92,75,3.44,NO,broken clouds
400,Emerald,-23.5333,148.1667,46.8,60,0,11.52,AU,clear sky
401,Tugulym,57.0591,64.6425,59.07,88,62,8.75,RU,broken clouds
402,Porto Novo,6.4965,2.6036,74.71,93,100,5.53,BJ,moderate rain
403,Umea,63.8284,20.2597,62.53,72,20,5.75,SE,few clouds
404,Mormugao,15.4,73.8,78.76,83,50,6.62,IN,scattered clouds
405,Aklavik,68.2191,-135.0107,47.12,66,100,9.15,CA,overcast clouds
406,Jiaocheng,24.6774,116.1389,79.27,95,75,2.04,CN,broken clouds
407,Camocim,-2.9022,-40.8411,86.14,58,34,14.56,BR,scattered clouds
408,Marsabit,2.3284,37.9899,68.02,55,39,23.04,KE,scattered clouds
409,Shimoda,34.6667,138.95,78.08,91,100,27.31,JP,heavy intensity rain
410,Podporozhye,60.9112,34.1706,60.75,98,100,9.82,RU,overcast clouds
411,Surin,14.8818,103.4936,78.17,87,100,7.54,TH,overcast clouds
412,Touros,-5.1989,-35.4608,81.5,69,46,19.71,BR,scattered clouds
413,Hami,42.8,93.45,79.86,22,3,8.41,CN,clear sky
414,Kavieng,-2.5744,150.7967,81.27,78,99,13.87,PG,moderate rain
415,Beloha,-25.1667,45.05,63.34,86,0,4.59,MG,clear sky
416,Petrov Val,50.1434,45.2096,74.89,30,96,9.64,RU,overcast clouds
417,Avesta,60.1455,16.1679,58.12,99,100,3.89,SE,overcast clouds
418,Keelung,25.1283,121.7419,79.52,90,75,9.84,TW,broken clouds
419,Storforshei,66.4043,14.5233,64.18,55,0,5.75,NO,clear sky
420,Nelson Bay,-32.7167,152.15,55.99,78,98,9.01,AU,overcast clouds
421,Campbell River,50.0163,-125.2446,65.26,85,100,1.99,CA,overcast clouds
422,Japura,-0.3167,102.35,76.71,94,99,2.95,ID,overcast clouds
423,Saskylakh,71.9167,114.0833,49.14,77,100,7.72,RU,overcast clouds
424,Verkhoyansk,67.5447,133.385,60.28,49,70,3.67,RU,broken clouds
425,Zhanaozen,43.3,52.8,90.46,16,0,1.88,KZ,clear sky
426,Hambantota,6.1241,81.1185,79.14,81,100,20.33,LK,overcast clouds
427,Wau,7.7029,27.9953,71.53,95,100,4.23,SS,light rain
428,Acapulco,16.8634,-99.8901,87.62,66,40,8.05,MX,scattered clouds
429,Mareeba,-17.0,145.4333,63.48,89,92,2.59,AU,overcast clouds
430,Visnes,59.3556,5.2242,62.58,82,75,2.3,NO,light rain
431,Atar,20.5169,-13.0499,96.58,35,0,12.33,MR,clear sky
432,Byron Bay,-28.65,153.6167,52.72,75,4,10.38,AU,clear sky
433,Calvinia,-31.4707,19.776,58.77,22,60,5.84,ZA,broken clouds
434,Jaggayyapeta,16.9,80.1,85.59,59,69,1.79,IN,broken clouds
435,Lagoa,39.05,-27.9833,68.43,66,10,11.01,PT,clear sky
436,Sao Felix Do Xingu,-6.6447,-51.995,97.07,20,39,4.68,BR,scattered clouds
437,Perth,-31.9333,115.8333,56.79,95,75,8.05,AU,broken clouds
438,Ornskoldsvik,63.2909,18.7153,67.82,55,90,8.05,SE,overcast clouds
439,Lompoc,34.6391,-120.4579,83.21,66,1,14.97,US,clear sky
440,Hamilton,39.1834,-84.5333,89.85,53,40,3.0,US,scattered clouds
441,Kijang,35.2442,129.2139,78.12,86,100,4.97,KR,overcast clouds
442,Saint-Francois,46.4154,3.9054,65.64,63,0,5.75,FR,clear sky
443,Xinzhou,38.4092,112.7333,68.07,85,62,1.57,CN,broken clouds
444,Auki,-8.7676,160.7034,76.48,85,99,3.22,SB,overcast clouds
445,Srandakan,-7.9386,110.2506,75.47,88,66,2.66,ID,broken clouds
446,Tucupita,9.0622,-62.051,84.65,68,74,5.64,VE,broken clouds
447,Codrington,-38.2667,141.9667,42.35,91,7,6.91,AU,clear sky
448,Kouango,4.9934,19.9619,70.52,97,100,3.62,CF,overcast clouds
449,Nome,64.5011,-165.4064,48.27,81,90,9.22,US,overcast clouds
450,Monywa,22.1167,95.1333,79.2,81,55,10.47,MM,broken clouds
451,Ambilobe,-13.2,49.05,69.22,85,87,3.18,MG,overcast clouds
452,Aksu,41.1231,80.2644,76.33,41,100,9.08,CN,overcast clouds
453,Weligama,5.9667,80.4167,77.83,87,100,13.56,LK,overcast clouds
454,Bulgan,48.8125,103.5347,54.52,79,100,3.47,MN,overcast clouds
455,Tessalit,20.1986,1.0114,96.78,23,63,7.78,ML,broken clouds
456,Yerbogachen,61.2767,108.0108,49.8,71,99,2.75,RU,overcast clouds
457,Leningradskiy,69.3833,178.4167,37.17,79,98,12.33,RU,overcast clouds
458,Okakarara,-20.5833,17.4333,60.73,25,1,4.03,NA,clear sky
459,Olafsvik,64.8945,-23.7142,55.72,78,48,4.27,IS,scattered clouds
460,Santa Cruz Do Capibaribe,-7.9575,-36.2047,72.07,67,72,14.0,BR,broken clouds
461,Alugan,12.2188,125.4808,78.35,85,98,4.23,PH,overcast clouds
462,Micheweni,-4.9667,39.8333,73.92,82,11,10.36,TZ,few clouds
463,Mubi,10.2676,13.2644,70.81,93,58,4.25,NG,broken clouds
464,Guerrero Negro,27.9769,-114.0611,82.02,54,47,10.85,MX,scattered clouds
465,Kalmunai,7.4167,81.8167,79.16,85,100,4.45,LK,overcast clouds
466,Keti Bandar,24.1447,67.4497,81.25,77,100,12.53,PK,overcast clouds
467,Acarau,-2.8856,-40.12,82.63,65,87,19.22,BR,overcast clouds
468,Pajapan,18.25,-94.7,86.16,69,97,8.9,MX,overcast clouds
469,Mount Isa,-20.7333,139.5,42.57,52,0,1.14,AU,clear sky
470,Los Llanos De Aridane,28.6585,-17.9182,71.35,95,20,12.66,ES,few clouds
471,Wadi Musa,30.3222,35.4793,76.1,41,0,5.3,JO,clear sky
472,Ballina,-28.8667,153.5667,52.79,77,24,9.64,AU,few clouds
473,Basoko,1.2391,23.616,70.72,83,79,1.83,CD,broken clouds
474,Terrace Bay,48.7834,-87.1,65.43,51,46,6.31,CA,scattered clouds
475,Berlevag,70.8578,29.0864,60.19,67,39,11.39,NO,scattered clouds
476,Nova Soure,-11.2333,-38.4833,74.05,65,51,13.85,BR,broken clouds
477,Zhengjiatun,43.5064,123.5064,68.72,80,1,4.92,CN,clear sky
478,Nokaneng,-19.6667,22.2667,64.11,21,0,7.58,BW,clear sky
479,San Patricio,28.017,-97.5169,95.41,43,0,16.89,US,clear sky
480,Panjab,34.388,67.0233,56.93,37,32,5.26,AF,scattered clouds
481,Stokmarknes,68.5646,14.9108,65.37,71,99,3.69,NO,overcast clouds
482,Umm Lajj,25.0213,37.2685,91.26,48,3,6.08,SA,clear sky
483,Gubkinskiy,64.434,76.5026,64.81,55,4,6.58,RU,clear sky
484,Kununurra,-15.7667,128.7333,55.38,58,20,5.75,AU,few clouds
485,Honningsvag,70.9821,25.9704,53.62,84,97,3.2,NO,overcast clouds
486,Beloeil,45.5668,-73.1992,85.84,74,92,1.01,CA,overcast clouds
487,Lynn Haven,30.2455,-85.6483,91.04,63,20,4.0,US,few clouds
488,Mount Gambier,-37.8333,140.7667,35.51,100,90,8.05,AU,overcast clouds
489,Provideniya,64.3833,-173.3,44.31,83,100,7.0,RU,light rain
490,Voh,-20.9667,164.7,62.96,82,100,3.47,NC,overcast clouds
491,Adrar,20.5022,-10.0711,97.43,22,11,12.01,MR,few clouds
492,Beni Mazar,28.4962,30.8029,91.58,35,0,17.92,EG,clear sky
493,Mikuni,36.2171,136.1519,79.3,85,1,6.53,JP,clear sky
494,Eenhana,-17.4667,16.3333,63.88,19,0,5.88,NA,clear sky
495,Minneapolis,44.98,-93.2638,74.07,89,90,1.99,US,overcast clouds
496,Columbus,39.9612,-82.9988,89.82,58,40,1.01,US,scattered clouds
497,Tabou,4.423,-7.3528,77.25,81,91,11.9,CI,overcast clouds
498,Te Anau,-45.4167,167.7167,34.52,99,100,4.74,NZ,moderate rain
499,Hella,67.2,14.4333,64.54,61,0,11.5,NO,clear sky
500,Beaufort,5.3473,115.7455,77.07,91,100,2.33,MY,moderate rain
501,Vung Tau,10.346,107.0843,80.19,85,100,11.99,VN,overcast clouds
502,Ginir,7.1333,40.7,65.08,56,99,12.68,ET,overcast clouds
503,Samarskoye,46.9336,39.6814,88.61,54,100,12.35,RU,overcast clouds
504,Hargeysa,9.56,44.065,73.8,57,87,17.27,SO,overcast clouds
505,Macusani,-14.0833,-70.4333,49.86,36,1,10.29,PE,clear sky
506,Bermeo,43.4209,-2.7215,66.94,79,41,8.72,ES,scattered clouds
507,Sarangani,5.4033,125.4636,79.07,82,100,10.42,PH,heavy intensity rain
508,Dali,25.7,100.1833,64.08,97,100,5.19,CN,overcast clouds
509,Eureka,40.8021,-124.1637,71.2,74,68,5.01,US,broken clouds
510,Burgeo,47.6167,-57.6152,65.28,91,89,8.79,CA,overcast clouds
511,Praia Da Vitoria,38.7333,-27.0667,72.75,64,32,10.76,PT,scattered clouds
512,Banjarmasin,-3.3244,114.591,77.14,89,89,3.4,ID,overcast clouds
513,Troitsko-Pechorsk,62.7084,56.1964,50.92,84,98,9.4,RU,overcast clouds
514,Aquiraz,-3.9014,-38.3911,84.29,72,62,14.14,BR,broken clouds
515,Velyka Mykhaylivka,47.0794,29.8514,65.62,63,0,6.69,UA,clear sky
516,Ascension,30.2169,-90.9001,94.05,53,1,0.0,US,clear sky
517,North Bend,43.4065,-124.2243,86.94,68,1,9.22,US,clear sky
518,Sibolga,1.7427,98.7792,76.44,90,96,2.57,ID,overcast clouds
519,Amaigbo,5.7892,7.8383,72.88,95,96,4.07,NG,moderate rain
520,Kanniyakumari,8.0833,77.5667,78.84,82,96,20.29,IN,overcast clouds
521,San Jeronimo,-11.9472,-75.2829,65.19,27,15,7.18,PE,few clouds
522,Haines Junction,60.7522,-137.5108,70.34,59,43,3.02,CA,scattered clouds
523,Natal,-5.795,-35.2094,81.25,65,0,13.8,BR,clear sky
524,Saraza,8.7356,117.78,79.52,84,100,2.64,PH,overcast clouds
525,Batagay,67.6333,134.6333,61.7,44,71,3.04,RU,broken clouds
526,Scarborough,54.2797,-0.4044,62.17,82,97,1.01,GB,overcast clouds
527,Balkanabat,39.5108,54.3671,97.21,13,0,7.61,TM,clear sky
528,Ippy,6.2679,21.2247,68.23,95,100,2.64,CF,overcast clouds
529,Ribeirao Branco,-24.2208,-48.7656,64.35,66,100,2.37,BR,overcast clouds
530,Sambava,-14.2667,50.1667,70.45,85,100,10.25,MG,light rain
531,Taltal,-25.4,-70.4833,57.63,72,33,5.7,CL,scattered clouds
532,Tabas,33.5959,56.9244,90.12,12,0,7.47,IR,clear sky
533,Rabo De Peixe,37.8,-25.5833,71.11,60,75,6.91,PT,broken clouds
534,Nicosia,35.1667,33.3667,84.29,69,40,11.5,CY,scattered clouds
535,Sorland,67.667,12.6934,57.65,79,100,12.55,NO,overcast clouds
536,Ucluelet,48.9329,-125.5528,68.04,92,100,6.38,CA,overcast clouds
537,Kawalu,-7.3817,108.2082,71.96,98,44,0.22,ID,scattered clouds
538,Pierre,44.3683,-100.351,88.72,42,1,8.05,US,clear sky
539,Morro Bay,35.3658,-120.8499,99.39,63,23,8.99,US,few clouds
540,Mount Darwin,-16.7725,31.5838,58.98,53,0,3.09,ZW,clear sky
541,Aguimes,27.9054,-15.4461,72.23,69,20,24.16,ES,few clouds
542,Bambous Virieux,-20.3428,57.7575,70.21,76,41,11.01,MU,light rain
543,Betioky,-23.7167,44.3833,63.3,59,2,3.91,MG,clear sky
544,Seka,17.9285,103.9552,77.74,88,90,3.11,TH,overcast clouds
545,Tigre,-34.426,-58.5796,80.26,53,0,5.75,AR,clear sky
546,Corinth,37.9407,22.9573,83.62,60,0,4.63,GR,clear sky
547,Iguape,-24.7081,-47.5553,66.99,86,75,8.05,BR,broken clouds
548,Bontang,0.1333,117.5,79.02,85,100,2.28,ID,overcast clouds
549,Kita,13.0349,-9.4895,73.92,92,100,4.85,ML,light rain
550,Havelock,34.8791,-76.9013,80.83,91,100,10.89,US,overcast clouds
551,Jaffna,9.6685,80.0074,83.01,79,91,13.71,LK,overcast clouds
552,Bilma,18.6853,12.9164,98.74,21,88,13.09,NE,overcast clouds
553,Imbituba,-28.24,-48.6703,67.89,83,100,12.12,BR,overcast clouds
554,Caltagirone,37.2368,14.5126,79.84,43,0,1.63,IT,clear sky
555,Ewa Beach,21.3156,-158.0072,84.15,58,40,18.41,US,scattered clouds
556,Santa Maria,-29.6842,-53.8069,76.59,60,0,4.92,BR,clear sky
557,Banda Aceh,5.5577,95.3222,79.63,83,88,7.29,ID,light rain
558,Pacific Grove,36.6177,-121.9166,86.81,78,20,4.0,US,few clouds
559,Luganville,-15.5333,167.1667,76.15,83,98,12.17,VU,overcast clouds
560,Irbil,36.1926,44.0106,94.82,16,78,4.61,IQ,broken clouds
561,Nicoya,10.1483,-85.452,80.15,78,100,3.11,CR,overcast clouds
562,Seguela,7.9611,-6.6731,78.17,59,82,3.02,CI,broken clouds
563,Buraydah,26.326,43.975,92.55,13,91,5.26,SA,overcast clouds
564,North Myrtle Beach,33.816,-78.68,84.49,80,20,11.5,US,few clouds
565,Nikolayevsk-Na-Amure,53.1406,140.73,48.25,97,99,3.53,RU,overcast clouds
566,Vila Franca Do Campo,37.7167,-25.4333,72.01,68,14,8.14,PT,few clouds
567,Malpe,13.35,74.7167,76.3,87,100,3.51,IN,overcast clouds
568,Baruun-Urt,46.6806,113.2792,64.96,55,100,5.73,MN,overcast clouds
569,Siyabuswa,-25.1132,29.0445,61.27,21,0,1.19,ZA,clear sky
570,Asahikawa,43.7678,142.3703,70.32,98,100,3.78,JP,overcast clouds
571,Vanimo,-2.6741,141.3028,76.37,84,94,3.53,PG,overcast clouds
572,Guadix,37.2993,-3.1392,79.47,25,0,4.59,ES,clear sky
573,Cheney,47.4874,-117.5758,81.77,44,75,12.66,US,broken clouds
574,Benghazi,32.1167,20.0667,81.82,69,0,12.71,LY,clear sky
575,San Juan,-31.5375,-68.5364,66.4,32,0,16.87,AR,clear sky
576,Sitka,57.0531,-135.33,62.49,82,75,8.05,US,broken clouds
577,Cortez,37.3489,-108.5859,86.41,12,75,13.8,US,haze
578,Kaduqli,11.0167,29.7167,74.32,86,100,4.74,SD,light rain
579,Carberry,49.8689,-99.3602,91.72,19,4,9.84,CA,clear sky
580,Dubbo,-32.25,148.6167,39.33,93,0,10.36,AU,clear sky
581,Santa Cruz,-17.8,-63.1667,89.06,27,5,29.93,BO,smoke
582,Gat,31.61,34.7642,83.08,76,0,7.85,IL,clear sky
583,Daman,20.4167,72.85,80.26,86,97,10.02,IN,overcast clouds
584,Zhumadian,32.9794,114.0294,74.97,92,4,0.47,CN,clear sky
585,Kimbe,-5.5502,150.1429,73.6,93,87,4.59,PG,overcast clouds
586,Nybro,56.7446,15.9071,62.04,91,14,1.83,SE,few clouds
587,Santa Marta,11.2408,-74.199,83.93,78,84,12.48,CO,broken clouds
588,Conceicao Do Araguaia,-8.2578,-49.2647,95.76,22,7,5.5,BR,clear sky
589,Hualmay,-11.0964,-77.6139,67.64,70,18,12.97,PE,few clouds
590,Poros,37.4994,23.4536,84.61,59,0,5.53,GR,clear sky
591,Dryden,49.7833,-92.7503,77.4,42,100,6.42,CA,overcast clouds
592,Onega,63.9061,38.1404,55.98,66,87,9.28,RU,overcast clouds
593,Massakory,12.996,15.7293,80.11,73,39,6.98,TD,light rain
594,Altona,53.55,9.9333,64.15,91,75,3.44,DE,broken clouds
595,Polunochnoye,60.8697,60.4153,52.5,92,100,5.64,RU,overcast clouds
596,Luau,-10.7073,22.2247,67.21,17,12,3.83,AO,few clouds
597,Herouville-Saint-Clair,49.2109,-0.3065,61.79,82,75,14.97,FR,broken clouds
598,Bejar,40.3864,-5.7634,64.54,33,55,5.06,ES,broken clouds
599,Tiksi,71.6872,128.8694,45.86,83,48,4.16,RU,scattered clouds
600,Angoche,-16.2325,39.9086,72.86,76,0,8.12,MZ,clear sky
601,Iralaya,15.0,-83.2333,83.44,74,66,10.83,HN,broken clouds
602,Tiznit,29.5833,-9.5,65.82,78,15,6.24,MA,few clouds
603,Gayny,60.3071,54.3241,47.79,88,8,4.52,RU,clear sky
604,Limoeiro Do Ajuru,-1.8953,-49.3806,90.09,51,34,3.89,BR,scattered clouds
605,Rincon,32.296,-81.2354,86.86,75,75,1.01,US,broken clouds
606,Gizo,-8.103,156.8419,81.32,76,72,11.88,SB,broken clouds
607,Capinopolis,-18.6819,-49.5697,81.77,27,0,7.96,BR,clear sky
608,Kayes,14.0,-11.0,80.78,67,100,7.05,ML,overcast clouds
609,Ambulu,-8.345,113.6058,74.52,92,80,4.07,ID,broken clouds
610,Severomuysk,56.1481,113.4267,51.28,89,100,1.95,RU,overcast clouds
611,Shelburne,44.0787,-80.2041,78.13,70,41,6.08,CA,scattered clouds
612,Kappeln,54.6612,9.9313,62.98,83,100,7.27,DE,overcast clouds
613,Vaitape,-16.5167,-151.75,78.06,71,25,7.96,PF,scattered clouds
614,Nianzishan,47.5167,122.8833,63.81,89,2,3.89,CN,clear sky
615,Malakal,9.5334,31.6605,73.0,96,100,4.85,SS,overcast clouds
616,Filingue,14.3521,3.3168,95.68,38,5,8.39,NE,clear sky
617,Samarai,-10.6167,150.6667,77.38,86,91,15.48,PG,overcast clouds
618,Villiers,-27.0303,28.6006,51.82,18,0,2.62,ZA,clear sky
619,Arman,59.7,150.1667,56.79,71,14,6.04,RU,few clouds
620,Cotonou,6.3654,2.4183,75.97,90,100,7.38,BJ,moderate rain
621,Paamiut,61.994,-49.6678,41.81,94,100,9.19,GL,moderate rain
622,Dothan,31.2232,-85.3905,93.31,58,1,1.01,US,clear sky
623,Abu Kamal,34.4506,40.9171,95.94,20,0,8.59,SY,clear sky
624,Tambacounda,13.7539,-13.7586,79.84,76,38,7.23,SN,scattered clouds
625,Sungaipenuh,-2.0833,101.3833,64.22,97,17,1.79,ID,few clouds
626,Khani,41.9563,42.9566,67.57,89,87,5.1,GE,light rain
627,Lakselv,70.0513,24.9718,64.22,88,99,2.3,NO,overcast clouds
628,Sisimiut,66.9395,-53.6735,41.29,94,100,9.24,GL,light rain
629,Dalvik,65.9702,-18.5286,57.9,73,85,3.65,IS,overcast clouds
630,Kalengwa,-13.4659,25.0027,59.29,26,0,4.56,ZM,clear sky
631,Orocue,4.7912,-71.3354,88.09,54,51,6.73,CO,broken clouds
632,Sakakah,29.9697,40.2064,92.66,15,0,2.08,SA,clear sky
633,Kidal,18.4411,1.4078,90.25,37,87,14.03,ML,overcast clouds
634,Nampula,-15.1165,39.2666,67.95,94,40,5.75,MZ,scattered clouds
635,Saint-Jean-De-Luz,43.3891,-1.6581,67.91,79,75,3.44,FR,broken clouds
636,Afzalpur,17.2,76.35,78.57,74,96,15.43,IN,overcast clouds
637,San Cristobal,7.7669,-72.225,84.38,47,60,6.85,VE,broken clouds
638,Bethanien,-26.502,17.1583,63.09,15,0,7.87,NA,clear sky
639,Itarema,-2.9248,-39.9167,81.37,68,93,18.37,BR,overcast clouds
640,Moerai,-22.4333,-151.3333,75.49,81,1,13.76,PF,clear sky
641,Valparaiso,-33.0393,-71.6273,56.84,72,90,0.0,CL,overcast clouds
642,La Reforma,25.0833,-108.05,96.75,62,98,8.84,MX,overcast clouds
643,Bitung,1.4451,125.1824,79.65,84,100,13.42,ID,overcast clouds
644,Lata,40.1629,-8.3327,64.92,80,32,6.42,PT,scattered clouds
645,Galveston,29.3669,-94.9669,95.18,72,1,3.0,US,clear sky
646,Namwala,-15.7504,26.4384,64.45,25,0,5.08,ZM,clear sky
647,Tazmalt,36.3868,4.3989,86.32,34,84,6.06,DZ,broken clouds
648,Aykhal,66.0,111.5,48.92,90,100,7.36,RU,overcast clouds
649,Karsava,56.7841,27.6883,60.21,89,100,7.2,LV,overcast clouds
650,Tuatapere,-46.1333,167.6833,35.82,96,100,2.95,NZ,overcast clouds
651,Irtyshskiy,58.3333,68.1333,56.55,98,100,5.79,RU,overcast clouds
652,Ahipara,-35.1667,173.1667,54.23,87,99,8.88,NZ,light rain
653,Marquette,46.5333,-87.6335,69.24,73,100,7.36,US,overcast clouds
654,Kushiro,42.975,144.3747,70.21,96,39,2.15,JP,scattered clouds
655,Yaan,7.3833,8.5667,71.56,96,64,4.21,NG,broken clouds
656,Kedgwick,47.6446,-67.3434,68.99,87,99,6.26,CA,overcast clouds
657,Asfi,32.2994,-9.2372,71.1,77,83,17.05,MA,broken clouds
658,Rockport,28.0206,-97.0544,95.25,69,40,1.99,US,scattered clouds
659,Dunedin,-45.8742,170.5036,39.79,73,100,1.01,NZ,overcast clouds
660,Serebryansk,49.6925,83.2892,57.87,64,25,0.58,KZ,scattered clouds
661,La Romana,18.4273,-68.9728,82.76,78,40,11.5,DO,scattered clouds
662,Marienburg,54.0359,19.0266,69.89,67,100,5.28,PL,overcast clouds
663,Yanggu,36.1106,115.7753,74.97,82,88,4.32,CN,overcast clouds
664,Necochea,-38.5473,-58.7368,55.04,63,48,13.35,AR,scattered clouds
665,Fort-Shevchenko,44.5086,50.263,90.45,30,0,22.15,KZ,clear sky
666,Morondava,-20.2833,44.2833,73.35,67,0,14.92,MG,clear sky
667,Ust-Koksa,50.2696,85.6108,50.2,86,8,0.92,RU,clear sky
668,Gainesville,29.6516,-82.3248,92.75,75,40,6.91,US,scattered clouds
669,Bandrele,-12.9067,45.1914,71.35,88,0,8.05,YT,clear sky
670,Monte Azul,-15.155,-42.8747,77.83,23,100,10.42,BR,overcast clouds
671,Verkhnedneprovskiy,54.9813,33.3457,60.44,94,100,5.88,RU,overcast clouds
672,Gilgit,35.9221,74.3087,79.66,50,59,2.15,PK,broken clouds
673,Goderich,43.7501,-81.7165,82.2,73,1,4.0,CA,clear sky
674,Santiago,-33.4569,-70.6483,49.44,81,90,3.44,CL,mist
675,Richards Bay,-28.783,32.0377,61.23,83,0,4.16,ZA,clear sky
676,Ocean City,39.2776,-74.5746,83.25,80,100,18.34,US,overcast clouds
677,Port Pirie,-33.1833,138.0167,35.69,76,0,6.69,AU,clear sky
678,Oktyabrsk,49.4744,57.4233,72.64,28,2,2.86,KZ,clear sky
679,Barinas,8.6226,-70.2075,87.67,53,86,5.12,VE,overcast clouds
680,Sorong,-0.8833,131.25,77.76,88,100,7.0,ID,moderate rain
681,Boende,-0.2167,20.8667,70.2,89,100,3.09,CD,overcast clouds
682,Togur,58.3631,82.8265,59.94,94,96,4.9,RU,overcast clouds
683,Hartford,41.7668,-72.7662,86.05,62,75,1.01,US,broken clouds
684,Sur,22.5667,59.5289,90.48,54,90,11.32,OM,overcast clouds
685,Kuzovatovo,53.5468,47.6866,68.56,45,96,2.84,RU,overcast clouds
686,Dauphin,51.1494,-100.0502,92.08,20,5,11.92,CA,clear sky
687,Kavaratti,10.5669,72.642,81.46,79,100,20.65,IN,overcast clouds
688,Rumoi,43.9344,141.6428,71.51,93,100,9.73,JP,light rain
689,Gallup,35.5281,-108.7426,88.56,17,1,5.99,US,clear sky
690,Omsukchan,62.5333,155.8,48.36,90,100,4.83,RU,overcast clouds
691,Madimba,-10.4,40.3333,70.61,85,1,5.99,TZ,clear sky
692,Bako,5.7833,36.5667,71.02,53,78,3.36,ET,broken clouds
693,Ranot,7.7777,100.3213,81.23,79,75,12.19,TH,broken clouds
694,Arkhangelsk,64.5401,40.5433,50.11,87,0,4.47,RU,clear sky
695,Masuguru,-11.3667,38.4167,75.7,46,39,5.61,TZ,scattered clouds
696,Praya,14.9215,-23.5087,79.34,89,75,8.05,CV,broken clouds
697,Victor Harbor,-35.5667,138.6167,50.9,83,0,6.55,AU,clear sky
698,Chernyshevskiy,63.0128,112.4714,55.26,92,100,2.68,RU,light rain
699,Rosarito,32.3333,-117.0333,88.03,66,10,6.96,MX,clear sky
700,Londoko,49.0333,131.9833,58.6,96,100,5.46,RU,overcast clouds
701,Karaton,-6.3424,106.1045,78.96,93,14,0.94,ID,few clouds
702,Kendari,-3.945,122.4989,73.49,89,100,1.79,ID,overcast clouds
703,Mildura,-34.2,142.15,50.07,89,78,2.98,AU,broken clouds
704,Macomb,40.4592,-90.6718,89.26,67,16,11.83,US,few clouds
